INSERT INTO reports (Reportid, ReportName)VALUES (4,'Audit Log Report')




INSERT INTO report_fields  (reportfieldid, reportfieldname)VALUES  (15,'TRANSACTION REFERENCE')
INSERT INTO report_fields  (reportfieldid, reportfieldname)VALUES  (16,'TRANSACTION Description')
INSERT INTO report_fields (reportfieldid, reportfieldname)VALUES    (17,'MAKER ID')
INSERT INTO report_fields   (reportfieldid, reportfieldname)VALUES (18,'MAKER DATE')
INSERT INTO report_fields (reportfieldid, reportfieldname)VALUES   (19,'MAKER TIME')
INSERT INTO report_fields (reportfieldid, reportfieldname)VALUES   (20,'MAKER IP ADDRESS')
INSERT INTO report_fields(reportfieldid, reportfieldname)VALUES    (21,'ACTIVITY')
INSERT INTO report_fields(reportfieldid, reportfieldname)VALUES   (22,'OLD VALUE')
INSERT INTO report_fields(reportfieldid, reportfieldname)VALUES  (23,'NEW VALUE')


INSERT INTO report_reportfields  (reportid, reportfieldid)VALUES (4,15)
INSERT INTO report_reportfields  (reportid, reportfieldid)VALUES (4,16)
INSERT INTO report_reportfields  (reportid, reportfieldid)VALUES (4,17)
INSERT INTO report_reportfields  (reportid, reportfieldid)VALUES (4,18)
INSERT INTO report_reportfields  (reportid, reportfieldid)VALUES (4,19)
INSERT INTO report_reportfields  (reportid, reportfieldid)VALUES (4,20)
INSERT INTO report_reportfields  (reportid, reportfieldid)VALUES (4,21)
INSERT INTO report_reportfields  (reportid, reportfieldid)VALUES (4,22)
INSERT INTO report_reportfields  (reportid, reportfieldid)VALUES (4,23)

INSERT INTO reportfields_language (reportfieldid, language_id, language_text)VALUES (15,0,'TRANSACTION REFERENCE')
INSERT INTO reportfields_language (reportfieldid, language_id, language_text)VALUES (15,1,'TRANSACTION REFERENCE_fr')
INSERT INTO reportfields_language (reportfieldid, language_id, language_text)VALUES (15,2,'TRANSACTION REFERENCE_pt')
INSERT INTO reportfields_language (reportfieldid, language_id, language_text)VALUES (15,3,'TRANSACTION REFERENCE_sp')
INSERT INTO reportfields_language (reportfieldid, language_id, language_text)VALUES (16,0,'TRANSACTION Description')
INSERT INTO reportfields_language (reportfieldid, language_id, language_text)VALUES (16,1,'TRANSACTION Description_fr')
INSERT INTO reportfields_language (reportfieldid, language_id, language_text)VALUES (16,2,'TRANSACTION Description_pt')
INSERT INTO reportfields_language (reportfieldid, language_id, language_text)VALUES (16,3,'TRANSACTION Description_sp')
INSERT INTO reportfields_language (reportfieldid, language_id, language_text)VALUES (17,0,'MAKER ID')
INSERT INTO reportfields_language (reportfieldid, language_id, language_text)VALUES (17,1,'MAKER ID_fr')
INSERT INTO reportfields_language (reportfieldid, language_id, language_text)VALUES (17,2,'MAKER ID_pt')
INSERT INTO reportfields_language (reportfieldid, language_id, language_text)VALUES (17,3,'MAKER ID_sp')
INSERT INTO reportfields_language (reportfieldid, language_id, language_text)VALUES (18,0,'MAKER DATE')
INSERT INTO reportfields_language (reportfieldid, language_id, language_text)VALUES (18,1,'MAKER DATE_fr')
INSERT INTO reportfields_language (reportfieldid, language_id, language_text)VALUES (18,2,'MAKER DATE_pt')
INSERT INTO reportfields_language (reportfieldid, language_id, language_text)VALUES (18,3,'MAKER DATE_sp')
INSERT INTO reportfields_language (reportfieldid, language_id, language_text)VALUES (19,0,'MAKER TIME')
INSERT INTO reportfields_language (reportfieldid, language_id, language_text)VALUES (19,1,'MAKER TIME_fr')
INSERT INTO reportfields_language (reportfieldid, language_id, language_text)VALUES (19,2,'MAKER TIME_pt')
INSERT INTO reportfields_language (reportfieldid, language_id, language_text)VALUES (19,3,'MAKER TIME_sp')
INSERT INTO reportfields_language (reportfieldid, language_id, language_text)VALUES (20,0,'MAKER IP Address')
INSERT INTO reportfields_language (reportfieldid, language_id, language_text)VALUES (20,1,'MAKER IP Address_fr')
INSERT INTO reportfields_language (reportfieldid, language_id, language_text)VALUES (20,2,'MAKER IP Address_pt')
INSERT INTO reportfields_language (reportfieldid, language_id, language_text)VALUES (20,3,'MAKER IP Address_sp')
INSERT INTO reportfields_language (reportfieldid, language_id, language_text)VALUES (21,0,'ACTIVITY')
INSERT INTO reportfields_language (reportfieldid, language_id, language_text)VALUES (21,1,'ACTIVITY_fr')
INSERT INTO reportfields_language (reportfieldid, language_id, language_text)VALUES (21,2,'ACTIVITY_pt')
INSERT INTO reportfields_language (reportfieldid, language_id, language_text)VALUES (21,3,'ACTIVITY_sp')
INSERT INTO reportfields_language (reportfieldid, language_id, language_text)VALUES (22,0,'OLD VALUE')
INSERT INTO reportfields_language (reportfieldid, language_id, language_text)VALUES (22,1,'OLD VALUE_fr')
INSERT INTO reportfields_language (reportfieldid, language_id, language_text)VALUES (22,2,'OLD VALUE_pt')
INSERT INTO reportfields_language (reportfieldid, language_id, language_text)VALUES (22,3,'OLD VALUE_sp')
INSERT INTO reportfields_language (reportfieldid, language_id, language_text)VALUES (23,0,'NEW VALUE')
INSERT INTO reportfields_language (reportfieldid, language_id, language_text)VALUES (23,1,'NEW VALUE_fr')
INSERT INTO reportfields_language (reportfieldid, language_id, language_text)VALUES (23,2,'NEW VALUE_pt')
INSERT INTO reportfields_language (reportfieldid, language_id, language_text)VALUES (23,3,'NEW VALUE_sp')


                         
