insert into [reports] ([Reportid],[ReportName]) values(17,'PIN Re-issue Report')


INSERT INTO [report_fields] (reportfieldid, reportfieldname) VALUES (75, 'PIN Re-issue Report')
INSERT INTO [report_fields] (reportfieldid, reportfieldname) VALUES (76, 'Requested Date Time')
INSERT INTO [report_fields] (reportfieldid, reportfieldname) VALUES (77, 'Approved DateTime')
INSERT INTO [report_fields] (reportfieldid, reportfieldname) VALUES (78, 'Supervisor')

INSERT INTO [reportfields_language] (reportfieldid, language_id, language_text) VALUES(75,0, 'PIN Re-issue Report')
INSERT INTO [reportfields_language] (reportfieldid, language_id, language_text) VALUES(75,1, 'PIN Re-issue Report_fr')
INSERT INTO [reportfields_language] (reportfieldid, language_id, language_text) VALUES(75,2, 'PIN Re-issue Report_pt')
INSERT INTO [reportfields_language] (reportfieldid, language_id, language_text) VALUES(75,3, 'PIN Re-issue Report_es')


INSERT INTO [reportfields_language] (reportfieldid, language_id, language_text) VALUES(76,0, 'Requested Date Time')
INSERT INTO [reportfields_language] (reportfieldid, language_id, language_text) VALUES(76,1, 'Requested Date Time_fr')
INSERT INTO [reportfields_language] (reportfieldid, language_id, language_text) VALUES(76,2, 'Requested Date Time_pt')
INSERT INTO [reportfields_language] (reportfieldid, language_id, language_text) VALUES(76,3, 'Requested Date Time_es')


INSERT INTO [reportfields_language] (reportfieldid, language_id, language_text) VALUES(77,0, 'Approved DateTime')
INSERT INTO [reportfields_language] (reportfieldid, language_id, language_text) VALUES(77,1, 'Approved DateTime_fr')
INSERT INTO [reportfields_language] (reportfieldid, language_id, language_text) VALUES(77,2, 'Approved DateTime_pt')
INSERT INTO [reportfields_language] (reportfieldid, language_id, language_text) VALUES(77,3, 'Approved DateTime_es')

INSERT INTO [reportfields_language] (reportfieldid, language_id, language_text) VALUES(78,0, 'Supervisor')
INSERT INTO [reportfields_language] (reportfieldid, language_id, language_text) VALUES(78,1, 'Supervisor_fr')
INSERT INTO [reportfields_language] (reportfieldid, language_id, language_text) VALUES(78,2, 'Supervisor_pt')
INSERT INTO [reportfields_language] (reportfieldid, language_id, language_text) VALUES(78,3, 'Supervisor_es')

 INSERT INTO [report_reportfields] (reportid, reportfieldid,[reportfieldorderno]) VALUES (17,75,1) 
  INSERT INTO [report_reportfields] (reportid, reportfieldid,[reportfieldorderno]) VALUES (17,31,2) 
  INSERT INTO [report_reportfields] (reportid, reportfieldid,[reportfieldorderno]) VALUES (17,32,3) 
  INSERT INTO [report_reportfields] (reportid, reportfieldid,[reportfieldorderno]) VALUES (17, 33,4)   
  INSERT INTO [report_reportfields] (reportid, reportfieldid,[reportfieldorderno]) VALUES (17, 34,5) 
  INSERT INTO [report_reportfields] (reportid, reportfieldid,[reportfieldorderno]) VALUES (17, 35,6) 
  INSERT INTO [report_reportfields] (reportid, reportfieldid,[reportfieldorderno]) VALUES (17, 8,7)      
  INSERT INTO [report_reportfields] (reportid, reportfieldid,[reportfieldorderno]) VALUES (17, 38,8) 
  INSERT INTO [report_reportfields] (reportid, reportfieldid,[reportfieldorderno]) VALUES (17, 40,9) 
  INSERT INTO [report_reportfields] (reportid, reportfieldid,[reportfieldorderno]) VALUES (17, 76,10)     
  INSERT INTO [report_reportfields] (reportid, reportfieldid,[reportfieldorderno]) VALUES (17, 78,11) 
  INSERT INTO [report_reportfields] (reportid, reportfieldid,[reportfieldorderno]) VALUES (17, 77,12) 
	     INSERT INTO [report_reportfields] (reportid, reportfieldid,[reportfieldorderno]) VALUES (17,45, 13) 
	   INSERT INTO [report_reportfields] (reportid, reportfieldid,[reportfieldorderno]) VALUES (17,43, 14) 
	   	   INSERT INTO [report_reportfields] (reportid, reportfieldid,[reportfieldorderno]) VALUES (17,44, 15) 