insert into [reports] ([Reportid],[ReportName]) values(22,'Branch Card Stock Management Report')
insert into [reports] ([Reportid],[ReportName]) values(23,'Fee Revenue Report')
insert into [reports] ([Reportid],[ReportName]) values(24,'Burn Rate Report')

INSERT INTO [report_fields] (reportfieldid, reportfieldname) VALUES (87, 'Branch Card Stock Management Report')
INSERT INTO [report_fields] (reportfieldid, reportfieldname) VALUES (88, 'Production Date')
INSERT INTO [report_fields] (reportfieldid, reportfieldname) VALUES (89, 'Full Fee')
INSERT INTO [report_fields] (reportfieldid, reportfieldname) VALUES (90, 'Amended Fee')
INSERT INTO [report_fields] (reportfieldid, reportfieldname) VALUES (91, 'Zero / No Fee')
INSERT INTO [report_fields] (reportfieldid, reportfieldname) VALUES (92, '180 d')
INSERT INTO [report_fields] (reportfieldid, reportfieldname) VALUES (93, '90 d')
INSERT INTO [report_fields] (reportfieldid, reportfieldname) VALUES (94, 'Week 4')
INSERT INTO [report_fields] (reportfieldid, reportfieldname) VALUES (95, 'Week 3')
INSERT INTO [report_fields] (reportfieldid, reportfieldname) VALUES (96, 'Week 2')
INSERT INTO [report_fields] (reportfieldid, reportfieldname) VALUES (97, 'Week 1')
INSERT INTO [report_fields] (reportfieldid, reportfieldname) VALUES (98, 'Current Cards Stock')
INSERT INTO [report_fields] (reportfieldid, reportfieldname) VALUES (99, 'Weeks Remaining')

INSERT INTO [report_fields] (reportfieldid, reportfieldname) VALUES (100, 'Fee Revenue Report')
INSERT INTO [report_fields] (reportfieldid, reportfieldname) VALUES (101, 'Burn Rate Report')

INSERT INTO [reportfields_language] (reportfieldid, language_id, language_text) VALUES(87,0, 'Branch Card Stock Management Report')
INSERT INTO [reportfields_language] (reportfieldid, language_id, language_text) VALUES(87,1, 'Branch Card Stock Management Report_fr')
INSERT INTO [reportfields_language] (reportfieldid, language_id, language_text) VALUES(87,2, 'Branch Card Stock Management Report_pt')
INSERT INTO [reportfields_language] (reportfieldid, language_id, language_text) VALUES(87,3, 'Branch Card Stock Management Report_es')


INSERT INTO [reportfields_language] (reportfieldid, language_id, language_text) VALUES(88,0, 'Production Date')
INSERT INTO [reportfields_language] (reportfieldid, language_id, language_text) VALUES(88,1, 'Production Date_fr')
INSERT INTO [reportfields_language] (reportfieldid, language_id, language_text) VALUES(88,2, 'Production Date_pt')
INSERT INTO [reportfields_language] (reportfieldid, language_id, language_text) VALUES(88,3, 'Production Date_es')

INSERT INTO [reportfields_language] (reportfieldid, language_id, language_text) VALUES(89,0, 'Full Fee')
INSERT INTO [reportfields_language] (reportfieldid, language_id, language_text) VALUES(89,1, 'Full Fee_fr')
INSERT INTO [reportfields_language] (reportfieldid, language_id, language_text) VALUES(89,2, 'Full Fee_pt')
INSERT INTO [reportfields_language] (reportfieldid, language_id, language_text) VALUES(89,3, 'Full Fee_es')

INSERT INTO [reportfields_language] (reportfieldid, language_id, language_text) VALUES(90,0, 'Amended Fee')
INSERT INTO [reportfields_language] (reportfieldid, language_id, language_text) VALUES(90,1, 'Amended Fee_fr')
INSERT INTO [reportfields_language] (reportfieldid, language_id, language_text) VALUES(90,2, 'Amended Fee_pt')
INSERT INTO [reportfields_language] (reportfieldid, language_id, language_text) VALUES(90,3, 'Amended Fee_es')

INSERT INTO [reportfields_language] (reportfieldid, language_id, language_text) VALUES(91,0, 'Zero / No Fee')
INSERT INTO [reportfields_language] (reportfieldid, language_id, language_text) VALUES(91,1, 'Zero / No Fee_fr')
INSERT INTO [reportfields_language] (reportfieldid, language_id, language_text) VALUES(91,2, 'Zero / No Fee_pt')
INSERT INTO [reportfields_language] (reportfieldid, language_id, language_text) VALUES(91,3, 'Zero / No Fee_es')

INSERT INTO [reportfields_language] (reportfieldid, language_id, language_text) VALUES(92,0, '180 d')
INSERT INTO [reportfields_language] (reportfieldid, language_id, language_text) VALUES(92,1, '180 d_fr')
INSERT INTO [reportfields_language] (reportfieldid, language_id, language_text) VALUES(92,2, '180 d_pt')
INSERT INTO [reportfields_language] (reportfieldid, language_id, language_text) VALUES(92,3, '180 d_es')

INSERT INTO [reportfields_language] (reportfieldid, language_id, language_text) VALUES(93,0, '90 d')
INSERT INTO [reportfields_language] (reportfieldid, language_id, language_text) VALUES(93,1, '90 d_fr')
INSERT INTO [reportfields_language] (reportfieldid, language_id, language_text) VALUES(93,2, '90 d_pt')
INSERT INTO [reportfields_language] (reportfieldid, language_id, language_text) VALUES(93,3, '90 d_es')

INSERT INTO [reportfields_language] (reportfieldid, language_id, language_text) VALUES(94,0, 'Week 4')
INSERT INTO [reportfields_language] (reportfieldid, language_id, language_text) VALUES(94,1, 'Week 4_fr')
INSERT INTO [reportfields_language] (reportfieldid, language_id, language_text) VALUES(94,2, 'Week 4_pt')
INSERT INTO [reportfields_language] (reportfieldid, language_id, language_text) VALUES(94,3, 'Week 4_es')

INSERT INTO [reportfields_language] (reportfieldid, language_id, language_text) VALUES(95,0, 'Week 3')
INSERT INTO [reportfields_language] (reportfieldid, language_id, language_text) VALUES(95,1, 'Week 3_fr')
INSERT INTO [reportfields_language] (reportfieldid, language_id, language_text) VALUES(95,2, 'Week 3_pt')
INSERT INTO [reportfields_language] (reportfieldid, language_id, language_text) VALUES(95,3, 'Week 3_es')

INSERT INTO [reportfields_language] (reportfieldid, language_id, language_text) VALUES(96,0, 'Week 2')
INSERT INTO [reportfields_language] (reportfieldid, language_id, language_text) VALUES(96,1, 'Week 2_fr')
INSERT INTO [reportfields_language] (reportfieldid, language_id, language_text) VALUES(96,2, 'Week 2_pt')
INSERT INTO [reportfields_language] (reportfieldid, language_id, language_text) VALUES(96,3, 'Week 2_es')

INSERT INTO [reportfields_language] (reportfieldid, language_id, language_text) VALUES(97,0, 'Week 1')
INSERT INTO [reportfields_language] (reportfieldid, language_id, language_text) VALUES(97,1, 'Week 1_fr')
INSERT INTO [reportfields_language] (reportfieldid, language_id, language_text) VALUES(97,2, 'Week 1_pt')
INSERT INTO [reportfields_language] (reportfieldid, language_id, language_text) VALUES(97,3, 'Week 1_es')

INSERT INTO [reportfields_language] (reportfieldid, language_id, language_text) VALUES(98,0, 'Current Cards Stock')
INSERT INTO [reportfields_language] (reportfieldid, language_id, language_text) VALUES(98,1, 'Current Cards Stock_fr')
INSERT INTO [reportfields_language] (reportfieldid, language_id, language_text) VALUES(98,2, 'Current Cards Stock_pt')
INSERT INTO [reportfields_language] (reportfieldid, language_id, language_text) VALUES(98,3, 'Current Cards Stock_es')

INSERT INTO [reportfields_language] (reportfieldid, language_id, language_text) VALUES(99,0, 'Weeks Remaining')
INSERT INTO [reportfields_language] (reportfieldid, language_id, language_text) VALUES(99,1, 'Weeks Remaining_fr')
INSERT INTO [reportfields_language] (reportfieldid, language_id, language_text) VALUES(99,2, 'Weeks Remaining_pt')
INSERT INTO [reportfields_language] (reportfieldid, language_id, language_text) VALUES(99,3, 'Weeks Remaining_es')

INSERT INTO [reportfields_language] (reportfieldid, language_id, language_text) VALUES(100,0, 'Fee Revenue Report')
INSERT INTO [reportfields_language] (reportfieldid, language_id, language_text) VALUES(100,1, 'Fee Revenue Report_fr')
INSERT INTO [reportfields_language] (reportfieldid, language_id, language_text) VALUES(100,2, 'Fee Revenue Report_pt')
INSERT INTO [reportfields_language] (reportfieldid, language_id, language_text) VALUES(100,3, 'Fee Revenue Report_es')

INSERT INTO [reportfields_language] (reportfieldid, language_id, language_text) VALUES(101,0, 'Burn Rate Report')
INSERT INTO [reportfields_language] (reportfieldid, language_id, language_text) VALUES(101,1, 'Burn Rate Report_fr')
INSERT INTO [reportfields_language] (reportfieldid, language_id, language_text) VALUES(101,2, 'Burn Rate Report_pt')
INSERT INTO [reportfields_language] (reportfieldid, language_id, language_text) VALUES(101,3, 'Burn Rate Report_es')


 INSERT INTO [report_reportfields] (reportid, reportfieldid,[reportfieldorderno]) VALUES (22,87,1)   
  INSERT INTO [report_reportfields] (reportid, reportfieldid,[reportfieldorderno]) VALUES (22,31,2) 
 INSERT INTO [report_reportfields] (reportid, reportfieldid,[reportfieldorderno]) VALUES (22,32,3)  
 INSERT INTO [report_reportfields] (reportid, reportfieldid,[reportfieldorderno]) VALUES (22,33,4) 
 INSERT INTO [report_reportfields] (reportid, reportfieldid,[reportfieldorderno]) VALUES (22,60,5) 
 INSERT INTO [report_reportfields] (reportid, reportfieldid,[reportfieldorderno]) VALUES (22,29,6) 
  INSERT INTO [report_reportfields] (reportid, reportfieldid,[reportfieldorderno]) VALUES (22,39,7) 
 INSERT INTO [report_reportfields] (reportid, reportfieldid,[reportfieldorderno]) VALUES (22,38,8)
 INSERT INTO [report_reportfields] (reportid, reportfieldid,[reportfieldorderno]) VALUES (22,88,9) 
 INSERT INTO [report_reportfields] (reportid, reportfieldid,[reportfieldorderno]) VALUES (22,82,10) 
INSERT INTO [report_reportfields] (reportid, reportfieldid,[reportfieldorderno]) VALUES (22,45, 11) 
INSERT INTO [report_reportfields] (reportid, reportfieldid,[reportfieldorderno]) VALUES (22,43, 12) 
INSERT INTO [report_reportfields] (reportid, reportfieldid,[reportfieldorderno]) VALUES (22,44, 13) 



 INSERT INTO [report_reportfields] (reportid, reportfieldid,[reportfieldorderno]) VALUES (23,100,1) 
  INSERT INTO [report_reportfields] (reportid, reportfieldid,[reportfieldorderno]) VALUES (23,31,2) 
 INSERT INTO [report_reportfields] (reportid, reportfieldid,[reportfieldorderno]) VALUES (23,32,3)  
 INSERT INTO [report_reportfields] (reportid, reportfieldid,[reportfieldorderno]) VALUES (23,33,4) 
 INSERT INTO [report_reportfields] (reportid, reportfieldid,[reportfieldorderno]) VALUES (23,60,5) 
 INSERT INTO [report_reportfields] (reportid, reportfieldid,[reportfieldorderno]) VALUES (23,29,6) 
 INSERT INTO [report_reportfields] (reportid, reportfieldid,[reportfieldorderno]) VALUES (23,89,7)
 INSERT INTO [report_reportfields] (reportid, reportfieldid,[reportfieldorderno]) VALUES (23,90,8) 
 INSERT INTO [report_reportfields] (reportid, reportfieldid,[reportfieldorderno]) VALUES (23,91,9) 
  INSERT INTO [report_reportfields] (reportid, reportfieldid,[reportfieldorderno]) VALUES (23,51,10)
INSERT INTO [report_reportfields] (reportid, reportfieldid,[reportfieldorderno]) VALUES (23,45, 11) 
INSERT INTO [report_reportfields] (reportid, reportfieldid,[reportfieldorderno]) VALUES (23,43, 12) 
INSERT INTO [report_reportfields] (reportid, reportfieldid,[reportfieldorderno]) VALUES (23,44, 13) 

 INSERT INTO [report_reportfields] (reportid, reportfieldid,[reportfieldorderno]) VALUES (24,101,1) 
  INSERT INTO [report_reportfields] (reportid, reportfieldid,[reportfieldorderno]) VALUES (24,31,2) 
 INSERT INTO [report_reportfields] (reportid, reportfieldid,[reportfieldorderno]) VALUES (24,32,3)  
 INSERT INTO [report_reportfields] (reportid, reportfieldid,[reportfieldorderno]) VALUES (24,33,4) 
 INSERT INTO [report_reportfields] (reportid, reportfieldid,[reportfieldorderno]) VALUES (24,60,5) 
 INSERT INTO [report_reportfields] (reportid, reportfieldid,[reportfieldorderno]) VALUES (24,29,6) 
 INSERT INTO [report_reportfields] (reportid, reportfieldid,[reportfieldorderno]) VALUES (24,92,7)
 INSERT INTO [report_reportfields] (reportid, reportfieldid,[reportfieldorderno]) VALUES (24,93,8) 
 INSERT INTO [report_reportfields] (reportid, reportfieldid,[reportfieldorderno]) VALUES (24,94,9) 
  INSERT INTO [report_reportfields] (reportid, reportfieldid,[reportfieldorderno]) VALUES (24,95,10)
   INSERT INTO [report_reportfields] (reportid, reportfieldid,[reportfieldorderno]) VALUES (24,96,11) 
  INSERT INTO [report_reportfields] (reportid, reportfieldid,[reportfieldorderno]) VALUES (24,97,12)
    INSERT INTO [report_reportfields] (reportid, reportfieldid,[reportfieldorderno]) VALUES (24,98,13)
	  INSERT INTO [report_reportfields] (reportid, reportfieldid,[reportfieldorderno]) VALUES (24,99,14)
INSERT INTO [report_reportfields] (reportid, reportfieldid,[reportfieldorderno]) VALUES (24,45, 15) 
INSERT INTO [report_reportfields] (reportid, reportfieldid,[reportfieldorderno]) VALUES (24,43, 16) 
INSERT INTO [report_reportfields] (reportid, reportfieldid,[reportfieldorderno]) VALUES (24,44, 17) 
