insert into [reports] ([Reportid],[ReportName]) values(7,'Spoiled cards report')

INSERT INTO [report_fields] (reportfieldid, reportfieldname) VALUES(31, 'Generated By: ')
INSERT INTO [report_fields] (reportfieldid, reportfieldname) VALUES (32, 'Issuer: ')
INSERT INTO [report_fields] (reportfieldid, reportfieldname) VALUES (33, 'Branch: ')
INSERT INTO [report_fields] (reportfieldid, reportfieldname) VALUES (34, 'User: ')
INSERT INTO [report_fields] (reportfieldid, reportfieldname) VALUES (35, 'Date Range: ')  
INSERT INTO [report_fields] (reportfieldid, reportfieldname) VALUES (36, 'Spoiled By ')
INSERT INTO [report_fields] (reportfieldid, reportfieldname) VALUES (37, 'Customer Names ')
INSERT INTO [report_fields] (reportfieldid, reportfieldname) VALUES (38, 'PAN')
INSERT INTO [report_fields] (reportfieldid, reportfieldname) VALUES (39, 'Card Reference')
INSERT INTO [report_fields] (reportfieldid, reportfieldname) VALUES (40, 'Reason')
INSERT INTO [report_fields] (reportfieldid, reportfieldname) VALUES (41, 'Spoiled Date')
insert into [report_fields] (reportfieldid, reportfieldname) values(42,'Spoiled cards report')
insert into [report_fields] (reportfieldid, reportfieldname) values(43,'* End of report')
insert into [report_fields] (reportfieldid, reportfieldname) values(44,'***Confidential Report***')
insert into [report_fields] (reportfieldid, reportfieldname) values(45,'Total')

INSERT INTO [reportfields_language] (reportfieldid, language_id, language_text) VALUES(31,0, 'Generated By: ')
INSERT INTO [reportfields_language] (reportfieldid, language_id, language_text) VALUES(31,1, 'Generated By:_fr ')
INSERT INTO [reportfields_language] (reportfieldid, language_id, language_text) VALUES(31,2, 'Generated By:_pt ')
INSERT INTO [reportfields_language] (reportfieldid, language_id, language_text) VALUES(31,3, 'Generated By:_es ')

INSERT INTO  [reportfields_language] (reportfieldid, language_id, language_text)VALUES (32,0, 'Issuer: ')
INSERT INTO  [reportfields_language] (reportfieldid, language_id, language_text)VALUES (32, 1,'Issuer:_fr ')
INSERT INTO  [reportfields_language] (reportfieldid, language_id, language_text)VALUES (32, 2,'Issuer:_pt ')
INSERT INTO  [reportfields_language] (reportfieldid, language_id, language_text)VALUES (32,3, 'Issuer:_es ')


INSERT INTO  [reportfields_language] (reportfieldid, language_id, language_text)VALUES (33,0 ,'Branch: ')
INSERT INTO  [reportfields_language] (reportfieldid, language_id, language_text)VALUES (33,1, 'Branch:_fr ')
INSERT INTO  [reportfields_language] (reportfieldid, language_id, language_text)VALUES (33,2, 'Branch:_pt ')
INSERT INTO  [reportfields_language] (reportfieldid, language_id, language_text)VALUES (33, 3,'Branch:_es')

INSERT INTO  [reportfields_language] (reportfieldid, language_id, language_text)VALUES (34,0, 'User: ')
INSERT INTO  [reportfields_language] (reportfieldid, language_id, language_text)VALUES (34, 1,'User:_fr ')
INSERT INTO  [reportfields_language] (reportfieldid, language_id, language_text)VALUES (34, 2,'User:_pt ')
INSERT INTO  [reportfields_language] (reportfieldid, language_id, language_text)VALUES (34, 3,'User:_es')

INSERT INTO  [reportfields_language] (reportfieldid, language_id, language_text)VALUES (35,0, 'Date Range: ')  
INSERT INTO  [reportfields_language] (reportfieldid, language_id, language_text)VALUES (35, 1,'Date Range:_fr ')  
INSERT INTO  [reportfields_language] (reportfieldid, language_id, language_text)VALUES (35,2, 'Date Range:_pt ')  
INSERT INTO  [reportfields_language] (reportfieldid, language_id, language_text)VALUES (35, 3,'Date Range:_es ')  

INSERT INTO  [reportfields_language] (reportfieldid, language_id, language_text)VALUES (36,0, 'Spoiled By ')
INSERT INTO  [reportfields_language] (reportfieldid, language_id, language_text)VALUES (36,1, 'Spoiled By_fr ')
INSERT INTO  [reportfields_language] (reportfieldid, language_id, language_text)VALUES (36,2, 'Spoiled By_pt ')
INSERT INTO  [reportfields_language] (reportfieldid, language_id, language_text)VALUES (36,3, 'Spoiled By_es ')


INSERT INTO  [reportfields_language] (reportfieldid, language_id, language_text)VALUES (37,0, 'Customer Names ')
INSERT INTO  [reportfields_language] (reportfieldid, language_id, language_text)VALUES (37,1, 'Customer Names_fr ')
INSERT INTO  [reportfields_language] (reportfieldid, language_id, language_text)VALUES (37,2, 'Customer Names_pt ')
INSERT INTO  [reportfields_language] (reportfieldid, language_id, language_text)VALUES (37,3, 'Customer Names_es ')

INSERT INTO  [reportfields_language] (reportfieldid, language_id, language_text)VALUES (38,0, 'PAN')
INSERT INTO  [reportfields_language] (reportfieldid, language_id, language_text)VALUES (38, 1,'PAN_fr')
INSERT INTO  [reportfields_language] (reportfieldid, language_id, language_text)VALUES (38,2, 'PAN_pt')
INSERT INTO  [reportfields_language] (reportfieldid, language_id, language_text)VALUES (38,3, 'PAN_es')

INSERT INTO  [reportfields_language] (reportfieldid, language_id, language_text)VALUES (39, 0,'Card Reference')
INSERT INTO  [reportfields_language] (reportfieldid, language_id, language_text)VALUES (39, 1,'Card Reference_fr')
INSERT INTO  [reportfields_language] (reportfieldid, language_id, language_text)VALUES (39,2, 'Card Reference_pt')
INSERT INTO  [reportfields_language] (reportfieldid, language_id, language_text)VALUES (39,3, 'Card Reference_es')

INSERT INTO  [reportfields_language] (reportfieldid, language_id, language_text)VALUES (40,0, 'Reason')
INSERT INTO  [reportfields_language] (reportfieldid, language_id, language_text)VALUES (40,1, 'Reason_fr')
INSERT INTO  [reportfields_language] (reportfieldid, language_id, language_text)VALUES (40, 2,'Reason_pt')
INSERT INTO  [reportfields_language] (reportfieldid, language_id, language_text)VALUES (40,3, 'Reason_es')

INSERT INTO  [reportfields_language] (reportfieldid, language_id, language_text)VALUES (41,0, 'Spoiled Date')
INSERT INTO  [reportfields_language] (reportfieldid, language_id, language_text)VALUES (41,1, 'Spoiled Date')
INSERT INTO  [reportfields_language] (reportfieldid, language_id, language_text)VALUES (41,2, 'Spoiled Date')
INSERT INTO  [reportfields_language] (reportfieldid, language_id, language_text)VALUES (41,3, 'Spoiled Date')

insert into [reportfields_language] (reportfieldid, language_id, language_text) values(42,0,'Spoiled cards report')
insert into [reportfields_language] (reportfieldid, language_id, language_text) values(42,1,'Spoiled cards report_fr')
insert into [reportfields_language] (reportfieldid, language_id, language_text) values(42,2,'Spoiled cards report_pt')
insert into [reportfields_language] (reportfieldid, language_id, language_text) values(42,3,'Spoiled cards report_es')

insert into [reportfields_language] (reportfieldid, language_id, language_text) values(43,0,'* End of report')
insert into [reportfields_language] (reportfieldid, language_id, language_text) values(43,1,'* End of report_fr')
insert into [reportfields_language] (reportfieldid, language_id, language_text) values(43,2,'* End of report_pt')
insert into [reportfields_language] (reportfieldid, language_id, language_text) values(43,3,'* End of report_es')

insert into [reportfields_language] (reportfieldid, language_id, language_text) values(44,0,'***Confidential Report***')
insert into [reportfields_language] (reportfieldid, language_id, language_text) values(44,1,'***Confidential Report***_fr')
insert into [reportfields_language] (reportfieldid, language_id, language_text) values(44,2,'***Confidential Report***_pt')
insert into [reportfields_language] (reportfieldid, language_id, language_text) values(44,3,'***Confidential Report***_es')

  insert into [reportfields_language] (reportfieldid, language_id, language_text) values(45,0,'Total')
insert into [reportfields_language] (reportfieldid, language_id, language_text) values(45,1,'Total_fr')
insert into [reportfields_language] (reportfieldid, language_id, language_text) values(45,2,'Total_pt')
insert into [reportfields_language] (reportfieldid, language_id, language_text) values(45,3,'Total_es')

 
    INSERT INTO [report_reportfields] (reportid, reportfieldid,[reportfieldorderno]) VALUES (7, 42,1) 
  INSERT INTO [report_reportfields] (reportid, reportfieldid,[reportfieldorderno]) VALUES (7,31,2) 
  INSERT INTO [report_reportfields] (reportid, reportfieldid,[reportfieldorderno]) VALUES (7,32,3) 
  INSERT INTO [report_reportfields] (reportid, reportfieldid,[reportfieldorderno]) VALUES (7, 33,4)   
  INSERT INTO [report_reportfields] (reportid, reportfieldid,[reportfieldorderno]) VALUES (7, 34,5) 
  INSERT INTO [report_reportfields] (reportid, reportfieldid,[reportfieldorderno]) VALUES (7, 35,6)    
  INSERT INTO [report_reportfields] (reportid, reportfieldid,[reportfieldorderno]) VALUES (7,29,7)
  INSERT INTO [report_reportfields] (reportid, reportfieldid,[reportfieldorderno]) VALUES (7, 36,8)      
  INSERT INTO [report_reportfields] (reportid, reportfieldid,[reportfieldorderno]) VALUES (7, 37,9) 
  INSERT INTO [report_reportfields] (reportid, reportfieldid,[reportfieldorderno]) VALUES (7, 38,10) 
  INSERT INTO [report_reportfields] (reportid, reportfieldid,[reportfieldorderno]) VALUES (7, 39,11)     
  INSERT INTO [report_reportfields] (reportid, reportfieldid,[reportfieldorderno]) VALUES (7, 40,12) 
  INSERT INTO [report_reportfields] (reportid, reportfieldid,[reportfieldorderno]) VALUES (7, 41,13)
  INSERT INTO [report_reportfields] (reportid, reportfieldid,[reportfieldorderno]) VALUES (7,45, 14) 
  INSERT INTO [report_reportfields] (reportid, reportfieldid,[reportfieldorderno]) VALUES (7,43, 15) 
  INSERT INTO [report_reportfields] (reportid, reportfieldid,[reportfieldorderno]) VALUES (7,44, 16) 
		   	 