insert into [reports] ([Reportid],[ReportName]) values(8,'Issued cards report')

INSERT INTO [report_fields] (reportfieldid, reportfieldname) VALUES(46, 'Issued By')
INSERT INTO [report_fields] (reportfieldid, reportfieldname) VALUES (47, 'Account Number')
INSERT INTO [report_fields] (reportfieldid, reportfieldname) VALUES (48, 'Approved User')
INSERT INTO [report_fields] (reportfieldid, reportfieldname) VALUES (49, 'Scenario')
INSERT INTO [report_fields] (reportfieldid, reportfieldname) VALUES (50, 'Issued Date') 
INSERT INTO [report_fields] (reportfieldid, reportfieldname) VALUES (51, 'Fee Charged')
INSERT INTO [report_fields] (reportfieldid, reportfieldname) VALUES (52, 'Issued cards report')

INSERT INTO [reportfields_language] (reportfieldid, language_id, language_text) VALUES(46,0, 'Issued By ')
INSERT INTO [reportfields_language] (reportfieldid, language_id, language_text) VALUES(46,1, 'Issued By_fr ')
INSERT INTO [reportfields_language] (reportfieldid, language_id, language_text) VALUES(46,2, 'Issued By_pt ')
INSERT INTO [reportfields_language] (reportfieldid, language_id, language_text) VALUES(46,3, 'Issued By_es ')

INSERT INTO [reportfields_language] (reportfieldid, language_id, language_text) VALUES(47,0, 'Account No. ')
INSERT INTO [reportfields_language] (reportfieldid, language_id, language_text) VALUES(47,1, 'Account No._fr ')
INSERT INTO [reportfields_language] (reportfieldid, language_id, language_text) VALUES(47,2, 'Account No._pt ')
INSERT INTO [reportfields_language] (reportfieldid, language_id, language_text) VALUES(47,3, 'Account No._es ')


INSERT INTO [reportfields_language] (reportfieldid, language_id, language_text) VALUES(48,0, 'Approver ')
INSERT INTO [reportfields_language] (reportfieldid, language_id, language_text) VALUES(48,1, 'Approver_fr ')
INSERT INTO [reportfields_language] (reportfieldid, language_id, language_text) VALUES(48,2, 'Approver_pt ')
INSERT INTO [reportfields_language] (reportfieldid, language_id, language_text) VALUES(48,3, 'Approver_es ')


INSERT INTO [reportfields_language] (reportfieldid, language_id, language_text) VALUES(49,0, 'Scenario')
INSERT INTO [reportfields_language] (reportfieldid, language_id, language_text) VALUES(49,1, 'Scenario_fr ')
INSERT INTO [reportfields_language] (reportfieldid, language_id, language_text) VALUES(49,2, 'Scenario_pt ')
INSERT INTO [reportfields_language] (reportfieldid, language_id, language_text) VALUES(49,3, 'Scenario_es ')

INSERT INTO [reportfields_language] (reportfieldid, language_id, language_text) VALUES(50,0, 'Issued Date')
INSERT INTO [reportfields_language] (reportfieldid, language_id, language_text) VALUES(50,1, 'Issued Date_fr ')
INSERT INTO [reportfields_language] (reportfieldid, language_id, language_text) VALUES(50,2, 'Issued Date_pt ')
INSERT INTO [reportfields_language] (reportfieldid, language_id, language_text) VALUES(50,3, 'Issued Date_es ')

INSERT INTO [reportfields_language] (reportfieldid, language_id, language_text) VALUES(51,0, 'Fee Charged')
INSERT INTO [reportfields_language] (reportfieldid, language_id, language_text) VALUES(51,1, 'Fee Charged_fr ')
INSERT INTO [reportfields_language] (reportfieldid, language_id, language_text) VALUES(51,2, 'Fee Charged_pt ')
INSERT INTO [reportfields_language] (reportfieldid, language_id, language_text) VALUES(51,3, 'Fee Charged_es ')


INSERT INTO [reportfields_language] (reportfieldid, language_id, language_text) VALUES(52,0, 'Issued cards report')
INSERT INTO [reportfields_language] (reportfieldid, language_id, language_text) VALUES(52,1, 'Issued cards report_fr ')
INSERT INTO [reportfields_language] (reportfieldid, language_id, language_text) VALUES(52,2, 'Issued cards report_pt ')
INSERT INTO [reportfields_language] (reportfieldid, language_id, language_text) VALUES(52,3, 'Issued cards report_es ')


  INSERT INTO [report_reportfields] (reportid, reportfieldid,[reportfieldorderno]) VALUES (8,52,1) 
  INSERT INTO [report_reportfields] (reportid, reportfieldid,[reportfieldorderno]) VALUES (8,31,2) 
  INSERT INTO [report_reportfields] (reportid, reportfieldid,[reportfieldorderno]) VALUES (8,32,3) 
  INSERT INTO [report_reportfields] (reportid, reportfieldid,[reportfieldorderno]) VALUES (8, 33,4)   
  INSERT INTO [report_reportfields] (reportid, reportfieldid,[reportfieldorderno]) VALUES (8, 34,5) 
  INSERT INTO [report_reportfields] (reportid, reportfieldid,[reportfieldorderno]) VALUES (8, 35,6) 
  INSERT INTO [report_reportfields] (reportid, reportfieldid,[reportfieldorderno]) VALUES (8, 46,7)      
  INSERT INTO [report_reportfields] (reportid, reportfieldid,[reportfieldorderno]) VALUES (8, 37,8) 
  INSERT INTO [report_reportfields] (reportid, reportfieldid,[reportfieldorderno]) VALUES (8, 47,9) 
  INSERT INTO [report_reportfields] (reportid, reportfieldid,[reportfieldorderno]) VALUES (8, 38,10)     
  INSERT INTO [report_reportfields] (reportid, reportfieldid,[reportfieldorderno]) VALUES (8, 39,11) 
  INSERT INTO [report_reportfields] (reportid, reportfieldid,[reportfieldorderno]) VALUES (8, 48,12) 
  INSERT INTO [report_reportfields] (reportid, reportfieldid,[reportfieldorderno]) VALUES (8,49,13) 
    INSERT INTO [report_reportfields] (reportid, reportfieldid,[reportfieldorderno]) VALUES (8, 50,14) 
	  INSERT INTO [report_reportfields] (reportid, reportfieldid,[reportfieldorderno]) VALUES (8,51, 15) 
	     INSERT INTO [report_reportfields] (reportid, reportfieldid,[reportfieldorderno]) VALUES (8,45, 16) 
	   INSERT INTO [report_reportfields] (reportid, reportfieldid,[reportfieldorderno]) VALUES (8,43, 17) 
	   	   INSERT INTO [report_reportfields] (reportid, reportfieldid,[reportfieldorderno]) VALUES (8,44, 18) 
		   	 