insert into [reports] ([Reportid],[ReportName]) values(12,'Audit Report – Branches Per User Group')


INSERT INTO [report_fields] (reportfieldid, reportfieldname) VALUES (56, 'Audit Report – Branches Per User Group')
INSERT INTO [report_fields] (reportfieldid, reportfieldname) VALUES (57, 'User Role')
INSERT INTO [report_fields] (reportfieldid, reportfieldname) VALUES (58, 'User Group Name')
INSERT INTO [report_fields] (reportfieldid, reportfieldname) VALUES (59, 'All Branch Access')
INSERT INTO [report_fields] (reportfieldid, reportfieldname) VALUES (60, 'Execution Time')

INSERT INTO [reportfields_language] (reportfieldid, language_id, language_text) VALUES(56,0, 'Audit Report – Branches Per User Group ')
INSERT INTO [reportfields_language] (reportfieldid, language_id, language_text) VALUES(56,1, 'Audit Report – Branches Per User Group_fr ')
INSERT INTO [reportfields_language] (reportfieldid, language_id, language_text) VALUES(56,2, 'Audit Report – Branches Per User Group_pt ')
INSERT INTO [reportfields_language] (reportfieldid, language_id, language_text) VALUES(56,3, 'Audit Report – Branches Per User Group_es ')


INSERT INTO [reportfields_language] (reportfieldid, language_id, language_text) VALUES(57,0, 'User Role')
INSERT INTO [reportfields_language] (reportfieldid, language_id, language_text) VALUES(57,1, 'User Role_fr')
INSERT INTO [reportfields_language] (reportfieldid, language_id, language_text) VALUES(57,2, 'User Role_pt')
INSERT INTO [reportfields_language] (reportfieldid, language_id, language_text) VALUES(57,3, 'User Role_es')


INSERT INTO [reportfields_language] (reportfieldid, language_id, language_text) VALUES(58,0, 'User Group Name')
INSERT INTO [reportfields_language] (reportfieldid, language_id, language_text) VALUES(58,1, 'User Group Name_fr ')
INSERT INTO [reportfields_language] (reportfieldid, language_id, language_text) VALUES(58,2, 'User Group Name_pt ')
INSERT INTO [reportfields_language] (reportfieldid, language_id, language_text) VALUES(58,3, 'User Group Name_es ')


INSERT INTO [reportfields_language] (reportfieldid, language_id, language_text) VALUES(59,0, 'All Branch Access')
INSERT INTO [reportfields_language] (reportfieldid, language_id, language_text) VALUES(59,1, 'All Branch Access_fr ')
INSERT INTO [reportfields_language] (reportfieldid, language_id, language_text) VALUES(59,2, 'All Branch Access_pt ')
INSERT INTO [reportfields_language] (reportfieldid, language_id, language_text) VALUES(59,3, 'All Branch Access_es ')


INSERT INTO [reportfields_language] (reportfieldid, language_id, language_text) VALUES(60,0, 'Execution Time')
INSERT INTO [reportfields_language] (reportfieldid, language_id, language_text) VALUES(60,1, 'Execution Time_fr ')
INSERT INTO [reportfields_language] (reportfieldid, language_id, language_text) VALUES(60,2, 'Execution Time_pt ')
INSERT INTO [reportfields_language] (reportfieldid, language_id, language_text) VALUES(60,3, 'Execution Time_es ')


 INSERT INTO [report_reportfields] (reportid, reportfieldid,[reportfieldorderno]) VALUES (12,56,1) 
  INSERT INTO [report_reportfields] (reportid, reportfieldid,[reportfieldorderno]) VALUES (12,31,2) 
  INSERT INTO [report_reportfields] (reportid, reportfieldid,[reportfieldorderno]) VALUES (12,32,3) 
  INSERT INTO [report_reportfields] (reportid, reportfieldid,[reportfieldorderno]) VALUES (12, 57,4)
  INSERT INTO [report_reportfields] (reportid, reportfieldid,[reportfieldorderno]) VALUES (12, 58,5) 
  INSERT INTO [report_reportfields] (reportid, reportfieldid,[reportfieldorderno]) VALUES (12, 60,6)
	INSERT INTO [report_reportfields] (reportid, reportfieldid,[reportfieldorderno]) VALUES (12,33, 7) 
		INSERT INTO [report_reportfields] (reportid, reportfieldid,[reportfieldorderno]) VALUES (12,59, 8) 
			INSERT INTO [report_reportfields] (reportid, reportfieldid,[reportfieldorderno]) VALUES (12,43, 9) 
		INSERT INTO [report_reportfields] (reportid, reportfieldid,[reportfieldorderno]) VALUES (12,44, 10) 