insert into [reports] ([Reportid],[ReportName]) values(13,'Audit Report – Users Per User Role')


INSERT INTO [report_fields] (reportfieldid, reportfieldname) VALUES (61, 'Audit Report – Users Per User Role')
INSERT INTO [report_fields] (reportfieldid, reportfieldname) VALUES (62, 'Mask Screen PAN')
INSERT INTO [report_fields] (reportfieldid, reportfieldname) VALUES (63, 'Mask Report PAN')
INSERT INTO [report_fields] (reportfieldid, reportfieldname) VALUES (64, 'Update')
INSERT INTO [report_fields] (reportfieldid, reportfieldname) VALUES (65, 'Create')
INSERT INTO [report_fields] (reportfieldid, reportfieldname) VALUES (66, 'Delete')
INSERT INTO [report_fields] (reportfieldid, reportfieldname) VALUES (67, 'Read')
INSERT INTO [report_fields] (reportfieldid, reportfieldname) VALUES (68, 'User Name')

INSERT INTO [reportfields_language] (reportfieldid, language_id, language_text) VALUES(61,0, 'Audit Report – Users Per User Role')
INSERT INTO [reportfields_language] (reportfieldid, language_id, language_text) VALUES(61,1, 'Audit Report – Users Per User Role_fr ')
INSERT INTO [reportfields_language] (reportfieldid, language_id, language_text) VALUES(61,2, 'Audit Report – Users Per User Role_pt ')
INSERT INTO [reportfields_language] (reportfieldid, language_id, language_text) VALUES(61,3, 'Audit Report – Users Per User Role_es ')


INSERT INTO [reportfields_language] (reportfieldid, language_id, language_text) VALUES(62,0, 'Mask Screen PAN')
INSERT INTO [reportfields_language] (reportfieldid, language_id, language_text) VALUES(62,1, 'Mask Screen PAN_fr')
INSERT INTO [reportfields_language] (reportfieldid, language_id, language_text) VALUES(62,2, 'Mask Screen PAN_pt')
INSERT INTO [reportfields_language] (reportfieldid, language_id, language_text) VALUES(62,3, 'Mask Screen PAN_es')


INSERT INTO [reportfields_language] (reportfieldid, language_id, language_text) VALUES(63,0, 'Mask Report PAN')
INSERT INTO [reportfields_language] (reportfieldid, language_id, language_text) VALUES(63,1, 'Mask Report PAN_fr ')
INSERT INTO [reportfields_language] (reportfieldid, language_id, language_text) VALUES(63,2, 'Mask Report PAN_pt ')
INSERT INTO [reportfields_language] (reportfieldid, language_id, language_text) VALUES(63,3, 'Mask Report PAN_es ')


INSERT INTO [reportfields_language] (reportfieldid, language_id, language_text) VALUES(64,0, 'Update')
INSERT INTO [reportfields_language] (reportfieldid, language_id, language_text) VALUES(64,1, 'Update_fr ')
INSERT INTO [reportfields_language] (reportfieldid, language_id, language_text) VALUES(64,2, 'Update_pt ')
INSERT INTO [reportfields_language] (reportfieldid, language_id, language_text) VALUES(64,3, 'Update_es ')


INSERT INTO [reportfields_language] (reportfieldid, language_id, language_text) VALUES(65,0, 'Create')
INSERT INTO [reportfields_language] (reportfieldid, language_id, language_text) VALUES(65,1, 'Create_fr ')
INSERT INTO [reportfields_language] (reportfieldid, language_id, language_text) VALUES(65,2, 'Create_pt ')
INSERT INTO [reportfields_language] (reportfieldid, language_id, language_text) VALUES(65,3, 'Create_es ')


INSERT INTO [reportfields_language] (reportfieldid, language_id, language_text) VALUES(66,0, 'Delete')
INSERT INTO [reportfields_language] (reportfieldid, language_id, language_text) VALUES(66,1, 'Delete_fr ')
INSERT INTO [reportfields_language] (reportfieldid, language_id, language_text) VALUES(66,2, 'Delete_pt ')
INSERT INTO [reportfields_language] (reportfieldid, language_id, language_text) VALUES(66,3, 'Delete_es ')


INSERT INTO [reportfields_language] (reportfieldid, language_id, language_text) VALUES(67,0, 'Read')
INSERT INTO [reportfields_language] (reportfieldid, language_id, language_text) VALUES(67,1, 'Read_fr ')
INSERT INTO [reportfields_language] (reportfieldid, language_id, language_text) VALUES(67,2, 'Read_pt ')
INSERT INTO [reportfields_language] (reportfieldid, language_id, language_text) VALUES(67,3, 'Read_es ')


INSERT INTO [reportfields_language] (reportfieldid, language_id, language_text) VALUES(68,0, 'User Name')
INSERT INTO [reportfields_language] (reportfieldid, language_id, language_text) VALUES(68,1, 'User Name_fr ')
INSERT INTO [reportfields_language] (reportfieldid, language_id, language_text) VALUES(68,2, 'User Name_pt ')
INSERT INTO [reportfields_language] (reportfieldid, language_id, language_text) VALUES(68,3, 'User Name_es ')

 INSERT INTO [report_reportfields] (reportid, reportfieldid,[reportfieldorderno]) VALUES (13,61,1) 
  INSERT INTO [report_reportfields] (reportid, reportfieldid,[reportfieldorderno]) VALUES (13,31,2) 
  INSERT INTO [report_reportfields] (reportid, reportfieldid,[reportfieldorderno]) VALUES (13,32,3) 
  INSERT INTO [report_reportfields] (reportid, reportfieldid,[reportfieldorderno]) VALUES (13, 57,4)
  INSERT INTO [report_reportfields] (reportid, reportfieldid,[reportfieldorderno]) VALUES (13, 60,5)
  
INSERT INTO [report_reportfields] (reportid, reportfieldid,[reportfieldorderno]) VALUES (13,68, 6) 
INSERT INTO [report_reportfields] (reportid, reportfieldid,[reportfieldorderno]) VALUES (13,58, 7) 
INSERT INTO [report_reportfields] (reportid, reportfieldid,[reportfieldorderno]) VALUES (13,62, 8) 
INSERT INTO [report_reportfields] (reportid, reportfieldid,[reportfieldorderno]) VALUES (13,63, 9) 
INSERT INTO [report_reportfields] (reportid, reportfieldid,[reportfieldorderno]) VALUES (13,64, 10) 
INSERT INTO [report_reportfields] (reportid, reportfieldid,[reportfieldorderno]) VALUES (13,65, 11) 
INSERT INTO [report_reportfields] (reportid, reportfieldid,[reportfieldorderno]) VALUES (13,66, 12) 
INSERT INTO [report_reportfields] (reportid, reportfieldid,[reportfieldorderno]) VALUES (13,67, 13) 
INSERT INTO [report_reportfields] (reportid, reportfieldid,[reportfieldorderno]) VALUES (13,59, 14) 
INSERT INTO [report_reportfields] (reportid, reportfieldid,[reportfieldorderno]) VALUES (13,43,15) 
INSERT INTO [report_reportfields] (reportid, reportfieldid,[reportfieldorderno]) VALUES (13,44, 16) 